,C0,C1,C2,C3,C4,C5,C6,C7,C8,C9,C10,C11,C12,C13,C14,C15,C16,C17,C18,C19,C20,C21,C22,C23,C24,C25,C26,C27,C28,C29,C30,C31,C32,C33,C34,C35,C36,C37,C38,C39,C40,C41,C42,C43,C44,C45,C46,C47,C48,C49,C50,C51,C52,C53,C54,C55,C56,C57,C58,C59,C60,C61,C62,C63,C64,C65,C66,C67,C68,C69,C70,C71,C72,C73,C74,C75,C76
C0,1.0,,,,,,,,,,,,,,,,,,,,,,,,,,,,,,,,,,,,,,,,,,,,,,,,,,,,,,,,,,,,,,,,,,,,,,,,,,,,
C1,0.9265350877192983,1.0,,,,,,,,,,,,,,,,,,,,,,,,,,,,,,,,,,,,,,,,,,,,,,,,,,,,,,,,,,,,,,,,,,,,,,,,,,,
C2,0.9256465517241379,0.9901960784313726,1.0,,,,,,,,,,,,,,,,,,,,,,,,,,,,,,,,,,,,,,,,,,,,,,,,,,,,,,,,,,,,,,,,,,,,,,,,,,
C3,0.9256465517241379,0.9901960784313726,0.9858490566037735,1.0,,,,,,,,,,,,,,,,,,,,,,,,,,,,,,,,,,,,,,,,,,,,,,,,,,,,,,,,,,,,,,,,,,,,,,,,,
C4,0.9594155844155844,0.843400447427293,0.8425312729948492,0.8425312729948492,1.0,,,,,,,,,,,,,,,,,,,,,,,,,,,,,,,,,,,,,,,,,,,,,,,,,,,,,,,,,,,,,,,,,,,,,,,,
C5,0.9120059656972409,0.7924812030075188,0.7911111111111111,0.7911111111111111,0.9671474358974359,1.0,,,,,,,,,,,,,,,,,,,,,,,,,,,,,,,,,,,,,,,,,,,,,,,,,,,,,,,,,,,,,,,,,,,,,,,
C6,0.9157088122605364,0.7953488372093023,0.8518518518518519,0.7938931297709924,0.9695723684210527,0.9830827067669173,1.0,,,,,,,,,,,,,,,,,,,,,,,,,,,,,,,,,,,,,,,,,,,,,,,,,,,,,,,,,,,,,,,,,,,,,,
C7,0.9147640791476408,0.7946153846153846,0.7931818181818182,0.7931818181818182,0.9689542483660131,0.9822761194029851,0.9855769230769231,1.0,,,,,,,,,,,,,,,,,,,,,,,,,,,,,,,,,,,,,,,,,,,,,,,,,,,,,,,,,,,,,,,,,,,,,
C8,0.9765625,0.8572719060523939,0.9217479674796748,0.856,0.95625,0.9068100358422939,0.9592013888888888,0.9093567251461988,1.0,,,,,,,,,,,,,,,,,,,,,,,,,,,,,,,,,,,,,,,,,,,,,,,,,,,,,,,,,,,,,,,,,,,,
C9,0.9833333333333333,0.8628019323671497,0.8613485280151947,0.9265350877192983,0.9605263157894737,0.9138321995464853,0.9176379176379177,0.9166666666666666,0.9781746031746031,1.0,,,,,,,,,,,,,,,,,,,,,,,,,,,,,,,,,,,,,,,,,,,,,,,,,,,,,,,,,,,,,,,,,,,
C10,0.9900442477876106,0.9300411522633745,0.9272727272727272,0.9272727272727272,0.9646551724137931,0.9317460317460318,0.9362745098039216,0.935117599351176,0.9842436974789915,0.9921171171171171,1.0,,,,,,,,,,,,,,,,,,,,,,,,,,,,,,,,,,,,,,,,,,,,,,,,,,,,,,,,,,,,,,,,,,
C11,0.9292929292929293,0.8060344827586207,0.8601532567049809,0.8042372881355933,0.8997289972899729,0.9659926470588235,0.9654850746268657,0.918622848200313,0.9675572519083969,0.9316239316239316,0.953026196928636,1.0,,,,,,,,,,,,,,,,,,,,,,,,,,,,,,,,,,,,,,,,,,,,,,,,,,,,,,,,,,,,,,,,,
C12,0.9377777777777778,0.8128440366972477,0.8108108108108109,0.8626262626262626,0.9051663128096249,0.9709302325581395,0.9270315091210614,0.9259259259259259,0.9304495335029687,0.971875,0.9636015325670498,0.9854910714285714,1.0,,,,,,,,,,,,,,,,,,,,,,,,,,,,,,,,,,,,,,,,,,,,,,,,,,,,,,,,,,,,,,,,
C13,0.9304495335029687,0.8069565217391305,0.8608695652173913,0.8051282051282052,0.9004771642808452,0.9166666666666666,0.9661654135338346,0.9196217494089834,0.9682692307692308,0.9328165374677002,0.9544626593806922,0.9760416666666667,0.9444444444444444,1.0,,,,,,,,,,,,,,,,,,,,,,,,,,,,,,,,,,,,,,,,,,,,,,,,,,,,,,,,,,,,,,,
C14,0.9377777777777778,0.8128440366972477,0.8108108108108109,0.8626262626262626,0.9051663128096249,0.9227053140096618,0.9270315091210614,0.9259259259259259,0.9304495335029687,0.971875,0.9636015325670498,0.9430670339761249,0.9797297297297297,0.9864864864864865,1.0,,,,,,,,,,,,,,,,,,,,,,,,,,,,,,,,,,,,,,,,,,,,,,,,,,,,,,,,,,,,,,
C15,0.96875,0.8626262626262626,0.926605504587156,0.8611111111111112,0.9035639412997903,0.9206349206349206,0.9689922480620154,0.9237631792376317,0.9712301587301587,0.9377777777777778,0.96045197740113,0.9795258620689655,0.9501915708812261,0.9804347826086957,0.9501915708812261,1.0,,,,,,,,,,,,,,,,,,,,,,,,,,,,,,,,,,,,,,,,,,,,,,,,,,,,,,,,,,,,,
C16,0.9735169491525424,0.8675213675213675,0.8658280922431866,0.9261904761904762,0.9084967320261438,0.9270315091210614,0.9316239316239316,0.9304495335029687,0.9352580927384077,0.9752155172413793,0.9702380952380952,0.9487179487179487,0.9836448598130841,0.9501915708812261,0.9836448598130841,0.981651376146789,1.0,,,,,,,,,,,,,,,,,,,,,,,,,,,,,,,,,,,,,,,,,,,,,,,,,,,,,,,,,,,,
C17,0.9710743801652892,0.8650051921079959,0.8634046890927625,0.8634046890927625,0.905982905982906,0.9237631792376317,0.9281537176274018,0.9722222222222222,0.9316239316239316,0.941712204007286,0.9652173913043478,0.9444444444444444,0.9547689282202556,0.945845004668534,0.9547689282202556,0.9787946428571429,0.9846698113207547,1.0,,,,,,,,,,,,,,,,,,,,,,,,,,,,,,,,,,,,,,,,,,,,,,,,,,,,,,,,,,,
C18,0.941712204007286,0.8666666666666667,0.8138888888888889,0.8650051921079959,0.9076479076479076,0.9259259259259259,0.9304495335029687,0.9292929292929293,0.9340277777777778,0.9743589743589743,0.9685349065880039,0.9472693032015066,0.9826388888888888,0.9487179487179487,0.9826388888888888,0.9547689282202556,0.9867788461538461,0.9595959595959596,1.0,,,,,,,,,,,,,,,,,,,,,,,,,,,,,,,,,,,,,,,,,,,,,,,,,,,,,,,,,,
C19,0.9377777777777778,0.8128440366972477,0.8654434250764526,0.8626262626262626,0.9051663128096249,0.9227053140096618,0.9704724409448819,0.9259259259259259,0.9727822580645161,0.971875,0.9636015325670498,0.981359649122807,0.9797297297297297,0.9823008849557522,0.9797297297297297,0.9862385321100917,0.9836448598130841,0.9547689282202556,0.9826388888888888,1.0,,,,,,,,,,,,,,,,,,,,,,,,,,,,,,,,,,,,,,,,,,,,,,,,,,,,,,,,,
C20,0.950925925925926,0.8721153846153846,0.9273504273504274,0.8688679245283019,0.9144736842105263,0.934001670843776,0.9743852459016393,0.9376068376068376,0.976890756302521,0.9538606403013182,0.978978978978979,0.9862385321100917,0.9683995922528033,0.9872685185185185,0.9683995922528033,0.9915865384615384,0.9756613756613757,0.970164609053498,0.9737945492662474,0.9938725490196079,1.0,,,,,,,,,,,,,,,,,,,,,,,,,,,,,,,,,,,,,,,,,,,,,,,,,,,,,,,,
C21,0.9390681003584229,0.8138888888888889,0.8118181818181818,0.8634046890927625,0.905982905982906,0.9237631792376317,0.9281537176274018,0.9722222222222222,0.9316239316239316,0.9726890756302521,0.9652173913043478,0.9444444444444444,0.9806818181818182,0.945845004668534,0.9806818181818182,0.9516908212560387,0.9846698113207547,0.9927884615384616,0.9836448598130841,0.9806818181818182,0.970164609053498,1.0,,,,,,,,,,,,,,,,,,,,,,,,,,,,,,,,,,,,,,,,,,,,,,,,,,,,,,,
C22,0.9530651340996169,0.875,0.8715686274509804,0.9262926292629263,0.9151651651651652,0.9354005167958657,0.9404444444444444,0.9391534391534392,0.9444444444444444,0.9797297297297297,0.9823468328141225,0.9593253968253969,0.9889705882352942,0.960960960960961,0.9889705882352942,0.9678089304257529,0.9936224489795918,0.9732905982905983,0.9924242424242424,0.9889705882352942,0.9888888888888889,0.9900990099009901,1.0,,,,,,,,,,,,,,,,,,,,,,,,,,,,,,,,,,,,,,,,,,,,,,,,,,,,,,
C23,0.8512544802867383,0.961864406779661,0.9271402550091075,0.9271402550091075,0.9186643835616438,0.8507462686567164,0.852991452991453,0.8524173027989822,0.8478632478632478,0.8524590163934426,0.9178743961352657,0.7926829268292683,0.7982758620689655,0.7934426229508197,0.7982758620689655,0.7966101694915254,0.8017857142857143,0.7991304347826087,0.8525073746312685,0.7982758620689655,0.8558558558558559,0.7991304347826087,0.8579439252336448,1.0,,,,,,,,,,,,,,,,,,,,,,,,,,,,,,,,,,,,,,,,,,,,,,,,,,,,,
C24,0.8500881834215167,0.9271402550091075,0.9631147540983607,0.9223985890652557,0.9180743243243243,0.8496732026143791,0.9192307692307692,0.8512949039264829,0.9163461538461538,0.8512544802867383,0.9154795821462488,0.8500451671183379,0.7966101694915254,0.8506375227686703,0.7966101694915254,0.8531073446327684,0.8,0.7974358974358975,0.7991304347826087,0.8544061302681992,0.914914914914915,0.7974358974358975,0.8550458715596331,0.990909090909091,1.0,,,,,,,,,,,,,,,,,,,,,,,,,,,,,,,,,,,,,,,,,,,,,,,,,,,,
C25,0.8506666666666667,0.9296296296296296,0.9247311827956989,0.9645833333333333,0.9183673469387755,0.8502057613168724,0.8524173027989822,0.8518518518518519,0.8473282442748091,0.9194214876033058,0.9166666666666666,0.7919354838709678,0.8524904214559387,0.7926829268292683,0.8524904214559387,0.795798319327731,0.8551587301587301,0.7982758620689655,0.8544739429695182,0.8524904214559387,0.8544642857142857,0.8531400966183574,0.9148494288681205,0.9930555555555556,0.9888392857142857,1.0,,,,,,,,,,,,,,,,,,,,,,,,,,,,,,,,,,,,,,,,,,,,,,,,,,,
C26,0.8471111111111111,0.9222222222222223,0.9639830508474576,0.9175627240143369,0.8421052631578947,0.8512949039264829,0.9202755905511811,0.852991452991453,0.8461538461538461,0.7919354838709678,0.8538461538461538,0.8518518518518519,0.7991304347826087,0.8524743230625583,0.7991304347826087,0.9214601769911505,0.8565656565656565,0.8544739429695182,0.8017857142857143,0.856440511307768,0.918724279835391,0.8,0.8594339622641509,0.943502824858757,0.9762931034482759,0.9407407407407408,1.0,,,,,,,,,,,,,,,,,,,,,,,,,,,,,,,,,,,,,,,,,,,,,,,,,,
C27,0.848816029143898,0.9298245614035088,0.9246704331450094,0.9612068965517241,0.843400447427293,0.852991452991453,0.855379188712522,0.8547681539807525,0.7883720930232558,0.85,0.8578947368421053,0.795798319327731,0.8558558558558559,0.7966101694915254,0.8558558558558559,0.8544739429695182,0.9221698113207547,0.8565656565656565,0.8580246913580247,0.8558558558558559,0.8616822429906542,0.8565656565656565,0.9215686274509803,0.9523809523809523,0.946360153256705,0.9754464285714286,0.9879807692307693,1.0,,,,,,,,,,,,,,,,,,,,,,,,,,,,,,,,,,,,,,,,,,,,,,,,,
C28,0.7912,0.89,0.9259259259259259,0.8838709677419355,0.8425312729948492,0.9205426356589147,0.9206349206349206,0.8535745047372955,0.8466838931955211,0.7926829268292683,0.8551724137931035,0.9213362068965517,0.8598598598598599,0.8531073446327684,0.8,0.8557504873294347,0.8036363636363636,0.8008849557522124,0.8027027027027027,0.8571428571428571,0.9200415368639667,0.8008849557522124,0.8609523809523809,0.946360153256705,0.9780701754385965,0.943502824858757,0.9837962962962963,0.9588477366255144,1.0,,,,,,,,,,,,,,,,,,,,,,,,,,,,,,,,,,,,,,,,,,,,,,,,
C29,0.7926829268292683,0.896551724137931,0.89,0.9246704331450094,0.843400447427293,0.9212598425196851,0.855379188712522,0.8547681539807525,0.7883720930232558,0.85,0.8578947368421053,0.8563218390804598,0.9236111111111112,0.7966101694915254,0.8558558558558559,0.8,0.8587746625129803,0.8027027027027027,0.8580246913580247,0.8558558558558559,0.8616822429906542,0.8565656565656565,0.9215686274509803,0.9523809523809523,0.946360153256705,0.9754464285714286,0.9555555555555556,0.9852941176470589,0.9901960784313726,1.0,,,,,,,,,,,,,,,,,,,,,,,,,,,,,,,,,,,,,,,,,,,,,,,
C30,0.7883720930232558,0.878125,0.9166666666666666,0.8727272727272727,0.8408602150537634,0.8496732026143791,0.9192307692307692,0.8512949039264829,0.8446115288220551,0.789763779527559,0.85,0.8500451671183379,0.7966101694915254,0.9230769230769231,0.8623402163225172,0.8531073446327684,0.8,0.7974358974358975,0.7991304347826087,0.8544061302681992,0.914914914914915,0.7974358974358975,0.8550458715596331,0.9354838709677419,0.9713114754098361,0.9329805996472663,0.9762931034482759,0.946360153256705,0.9780701754385965,0.946360153256705,1.0,,,,,,,,,,,,,,,,,,,,,,,,,,,,,,,,,,,,,,,,,,,,,,
C31,0.789763779527559,0.8838709677419355,0.878125,0.9153439153439153,0.8416848220769789,0.8507462686567164,0.852991452991453,0.8524173027989822,0.7857142857142857,0.8476702508960573,0.8525423728813559,0.7926829268292683,0.8531400966183574,0.8594491927825261,0.925,0.7966101694915254,0.8558558558558559,0.7991304347826087,0.8551587301587301,0.8531400966183574,0.8558558558558559,0.8538011695906432,0.9161425576519916,0.9407407407407408,0.9354838709677419,0.96875,0.943502824858757,0.9772727272727273,0.946360153256705,0.9772727272727273,0.990909090909091,1.0,,,,,,,,,,,,,,,,,,,,,,,,,,,,,,,,,,,,,,,,,,,,,
C32,0.7926829268292683,0.896551724137931,0.9310344827586207,0.9246704331450094,0.843400447427293,0.852991452991453,0.9213709677419355,0.8547681539807525,0.847769028871391,0.85,0.8578947368421053,0.8537511870845205,0.8558558558558559,0.8544061302681992,0.8558558558558559,0.8571428571428571,0.8587746625129803,0.8027027027027027,0.8580246913580247,0.9220183486238532,0.9227513227513228,0.8565656565656565,0.9215686274509803,0.9523809523809523,0.9818181818181818,0.9754464285714286,0.9879807692307693,0.9852941176470589,0.9901960784313726,0.9852941176470589,0.9818181818181818,0.9772727272727273,1.0,,,,,,,,,,,,,,,,,,,,,,,,,,,,,,,,,,,,,,,,,,,,
C33,0.7919354838709678,0.8932203389830509,0.8868852459016393,0.9222222222222223,0.8429629629629629,0.8524173027989822,0.8547681539807525,0.9206349206349206,0.7876923076923077,0.8494031221303948,0.8565217391304348,0.795,0.8551587301587301,0.795798319327731,0.8551587301587301,0.7991304347826087,0.8580246913580247,0.8585858585858586,0.8572884811416922,0.8551587301587301,0.8601851851851852,0.9220183486238532,0.9201725997842503,0.949317738791423,0.943502824858757,0.9736842105263158,0.9523809523809523,0.9831730769230769,0.9555555555555556,0.9831730769230769,0.943502824858757,0.9754464285714286,0.9831730769230769,1.0,,,,,,,,,,,,,,,,,,,,,,,,,,,,,,,,,,,,,,,,,,,
C34,0.7934426229508197,0.9259259259259259,0.8932203389830509,0.9272030651340997,0.8438438438438438,0.8535745047372955,0.856,0.855379188712522,0.7890625,0.8506069094304388,0.8592920353982301,0.7966101694915254,0.8565656565656565,0.7974358974358975,0.8565656565656565,0.8008849557522124,0.859538784067086,0.8036363636363636,0.9238095238095239,0.8565656565656565,0.8632075471698113,0.8572884811416922,0.922992299229923,0.975,0.949317738791423,0.9772727272727273,0.9588477366255144,0.9875,0.9622641509433962,0.9875,0.949317738791423,0.9791666666666666,0.9875,0.9852941176470589,1.0,,,,,,,,,,,,,,,,,,,,,,,,,,,,,,,,,,,,,,,,,,
C35,0.8008333333333333,0.92,0.9122807017543859,0.9444444444444444,0.845509893455099,0.8556430446194225,0.8581752484191508,0.8575268817204301,0.796031746031746,0.8575498575498576,0.8684684684684685,0.8043103448275862,0.8641975308641975,0.8052173913043478,0.8641975308641975,0.809009009009009,0.8675213675213675,0.812037037037037,0.8666666666666667,0.8641975308641975,0.8730769230769231,0.8650051921079959,0.9326599326599326,0.9643605870020965,0.9575757575757575,0.9811320754716981,0.967948717948718,0.9921875,0.971677559912854,0.9921875,0.9575757575757575,0.9831730769230769,0.9921875,0.9897959183673469,0.9946808510638298,1.0,,,,,,,,,,,,,,,,,,,,,,,,,,,,,,,,,,,,,,,,,
C36,0.9198717948717948,0.9759615384615384,0.9722222222222222,0.9722222222222222,0.8385185185185186,0.8473282442748091,0.7876923076923077,0.7870229007633588,0.8512544802867383,0.8563218390804598,0.9255861365953109,0.8576998050682261,0.8629283489096573,0.7982758620689655,0.8036363636363636,0.8558558558558559,0.8603174603174604,0.8580246913580247,0.8065420560747664,0.8036363636363636,0.8647619047619047,0.8045871559633028,0.8673267326732673,0.9376218323586745,0.9322033898305084,0.9348659003831418,0.9272030651340997,0.9353535353535354,0.9434343434343434,0.949685534591195,0.8838709677419355,0.89,0.9035714285714286,0.9,0.9072727272727272,0.9283018867924528,1.0,,,,,,,,,,,,,,,,,,,,,,,,,,,,,,,,,,,,,,,,
C37,0.8543417366946778,0.9465020576131687,0.9745370370370371,0.9404761904761905,0.8381162619573216,0.8468013468013468,0.8466838931955211,0.7863636363636364,0.9186991869918699,0.855650522317189,0.9242424242424242,0.922566371681416,0.8621399176954733,0.855072463768116,0.8027027027027027,0.8578578578578578,0.8065420560747664,0.8036363636363636,0.8055555555555556,0.8593272171253823,0.9241452991452992,0.8036363636363636,0.865686274509804,0.9348659003831418,0.9676724137931034,0.9322033898305084,0.9310344827586207,0.9,0.9745370370370371,0.9465020576131687,0.9234972677595629,0.8868852459016393,0.9393939393939394,0.896551724137931,0.9035714285714286,0.924074074074074,0.9921875,1.0,,,,,,,,,,,,,,,,,,,,,,,,,,,,,,,,,,,,,,,
C38,0.8543417366946778,0.9465020576131687,0.9404761904761905,0.9745370370370371,0.8381162619573216,0.8468013468013468,0.7870229007633588,0.7863636363636364,0.8506666666666667,0.9217391304347826,0.9242424242424242,0.8570048309178744,0.9240654205607477,0.7974358974358975,0.8565656565656565,0.8008849557522124,0.859538784067086,0.8036363636363636,0.8587746625129803,0.8565656565656565,0.8632075471698113,0.8572884811416922,0.922992299229923,0.9348659003831418,0.9296296296296296,0.9692982456140351,0.89,0.9325396825396826,0.9404761904761905,0.9740566037735849,0.8809523809523809,0.9222222222222223,0.9325396825396826,0.9298245614035088,0.9353535353535354,0.9538784067085954,0.9921875,0.9897959183673469,1.0,,,,,,,,,,,,,,,,,,,,,,,,,,,,,,,,,,,,,,
C39,0.9202586206896551,0.9779411764705882,1.0,0.9740566037735849,0.8389261744966443,0.7857142857142857,0.847769028871391,0.7876923076923077,0.9194214876033058,0.8570048309178744,0.926954732510288,0.8557504873294347,0.8045871559633028,0.856440511307768,0.8045871559633028,0.9240654205607477,0.8611111111111112,0.8587746625129803,0.8075471698113208,0.8608515057113187,0.9270152505446623,0.8055555555555556,0.869,0.9404761904761905,0.9709821428571429,0.9376218323586745,0.9722222222222222,0.9382716049382716,0.9393939393939394,0.9072727272727272,0.928436911487759,0.8932203389830509,0.9454926624737946,0.9035714285714286,0.9111111111111111,0.9326923076923077,0.9821428571428571,0.9846938775510204,0.9564270152505446,1.0,,,,,,,,,,,,,,,,,,,,,,,,,,,,,,,,,,,,,
C40,0.9206521739130434,0.98,0.9759615384615384,1.0,0.8393393393393394,0.7863636363636364,0.7890625,0.7883720930232558,0.8524590163934426,0.9229910714285714,0.9283489096573209,0.7991304347826087,0.8587746625129803,0.8,0.8587746625129803,0.8572884811416922,0.9240196078431373,0.859538784067086,0.8611111111111112,0.8587746625129803,0.8679611650485437,0.859538784067086,0.927437641723356,0.9434343434343434,0.9376218323586745,0.9745370370370371,0.9325396825396826,0.9711538461538461,0.9035714285714286,0.9412997903563941,0.89,0.9298245614035088,0.9412997903563941,0.9382716049382716,0.9444444444444444,0.9644444444444444,0.984375,0.96,0.9869791666666666,0.9867021276595744,1.0,,,,,,,,,,,,,,,,,,,,,,,,,,,,,,,,,,,,
C41,0.8506069094304388,0.9382716049382716,0.9740566037735849,0.9325396825396826,0.775,0.8478632478632478,0.847769028871391,0.7876923076923077,0.8494623655913979,0.7966101694915254,0.8621621621621621,0.9234234234234234,0.8637316561844863,0.856440511307768,0.8045871559633028,0.9240654205607477,0.8611111111111112,0.8587746625129803,0.8075471698113208,0.8608515057113187,0.9270152505446623,0.8055555555555556,0.869,0.8932203389830509,0.928436911487759,0.89,0.9722222222222222,0.9382716049382716,0.9783653846153846,0.9529914529914529,0.928436911487759,0.8932203389830509,0.9454926624737946,0.9035714285714286,0.9111111111111111,0.9326923076923077,0.9821428571428571,0.9846938775510204,0.9564270152505446,0.984375,0.9511111111111111,1.0,,,,,,,,,,,,,,,,,,,,,,,,,,,,,,,,,,,
C42,0.8518518518518519,0.9444444444444444,0.9382716049382716,0.9693396226415094,0.776,0.8489583333333334,0.789763779527559,0.7890625,0.7919354838709678,0.8531400966183574,0.865137614678899,0.8598598598598599,0.9259708737864077,0.8008849557522124,0.859538784067086,0.8580246913580247,0.9245049504950495,0.8603174603174604,0.8619201725997843,0.859538784067086,0.8696078431372549,0.8603174603174604,0.9289805269186713,0.9,0.8932203389830509,0.9298245614035088,0.9353535353535354,0.9730392156862745,0.9529914529914529,0.9821428571428571,0.8932203389830509,0.9325396825396826,0.9444444444444444,0.9412997903563941,0.9477124183006536,0.9682539682539683,0.9867021276595744,0.963718820861678,0.984375,0.9546485260770975,0.9813829787234043,0.9891304347826086,1.0,,,,,,,,,,,,,,,,,,,,,,,,,,,,,,,,,,
C43,0.8494031221303948,0.9325396825396826,0.9704545454545455,0.9272030651340997,0.7740259740259741,0.7844444444444445,0.8466838931955211,0.7863636363636364,0.8483245149911817,0.795,0.8592920353982301,0.8544061302681992,0.8027027027027027,0.9261363636363636,0.8679245283018868,0.9231651376146789,0.859538784067086,0.8572884811416922,0.8055555555555556,0.8593272171253823,0.9241452991452992,0.8036363636363636,0.865686274509804,0.8868852459016393,0.9234972677595629,0.8838709677419355,0.96875,0.9325396825396826,0.9337231968810916,0.9,0.9754464285714286,0.9484126984126984,0.9393939393939394,0.896551724137931,0.9035714285714286,0.924074074074074,0.9382716049382716,0.9423868312757202,0.9035714285714286,0.98,0.9444444444444444,0.98,0.9477124183006536,1.0,,,,,,,,,,,,,,,,,,,,,,,,,,,,,,,,,
C44,0.8506069094304388,0.9382716049382716,0.9325396825396826,0.9659090909090909,0.775,0.7857142857142857,0.7883720930232558,0.7876923076923077,0.7904761904761904,0.8518518518518519,0.8621621621621621,0.7982758620689655,0.8580246913580247,0.8646464646464647,0.9283980582524272,0.8565656565656565,0.9235436893203883,0.8587746625129803,0.8603174603174604,0.8580246913580247,0.8663461538461539,0.8587746625129803,0.9259259259259259,0.8932203389830509,0.8868852459016393,0.9246704331450094,0.9298245614035088,0.9693396226415094,0.9,0.9382716049382716,0.9484126984126984,0.9787735849056604,0.9382716049382716,0.9353535353535354,0.9412997903563941,0.9607843137254902,0.9444444444444444,0.9111111111111111,0.9412997903563941,0.9477124183006536,0.9770408163265306,0.9477124183006536,0.9791666666666666,0.9895833333333334,1.0,,,,,,,,,,,,,,,,,,,,,,,,,,,,,,,,
C45,0.8518518518518519,0.9444444444444444,0.9779411764705882,0.9693396226415094,0.776,0.7870229007633588,0.8488888888888889,0.7890625,0.8506375227686703,0.8531400966183574,0.865137614678899,0.8571428571428571,0.859538784067086,0.8578578578578578,0.859538784067086,0.925,0.9245049504950495,0.8603174603174604,0.8619201725997843,0.9242788461538461,0.93,0.8603174603174604,0.9289805269186713,0.9,0.9337231968810916,0.9298245614035088,0.9759615384615384,0.9730392156862745,0.9454926624737946,0.9444444444444444,0.9337231968810916,0.9325396825396826,0.9775,0.9412997903563941,0.9477124183006536,0.9682539682539683,0.9511111111111111,0.9555555555555556,0.9477124183006536,0.9891304347826086,0.9813829787234043,0.9891304347826086,0.9836956521739131,0.984375,0.9791666666666666,1.0,,,,,,,,,,,,,,,,,,,,,,,,,,,,,,,
C46,0.8524904214559387,0.9477124183006536,0.9412997903563941,0.9711538461538461,0.776510067114094,0.7876923076923077,0.7904761904761904,0.8488888888888889,0.7926829268292683,0.8538011695906432,0.8666666666666667,0.8008849557522124,0.8603174603174604,0.8017857142857143,0.8603174603174604,0.8587746625129803,0.925,0.9252450980392157,0.8627450980392157,0.8603174603174604,0.8712871287128713,0.9252450980392157,0.9305555555555556,0.9035714285714286,0.896551724137931,0.9325396825396826,0.9382716049382716,0.975,0.9111111111111111,0.9477124183006536,0.896551724137931,0.9353535353535354,0.9477124183006536,0.9775,0.9511111111111111,0.9722222222222222,0.9546485260770975,0.9235294117647059,0.9511111111111111,0.9583333333333334,0.9836956521739131,0.9583333333333334,0.9861111111111112,0.9511111111111111,0.9813829787234043,0.9861111111111112,1.0,,,,,,,,,,,,,,,,,,,,,,,,,,,,,,
C47,0.8524904214559387,0.9705882352941176,0.9412997903563941,0.9711538461538461,0.776510067114094,0.7876923076923077,0.7904761904761904,0.789763779527559,0.7926829268292683,0.8538011695906432,0.8666666666666667,0.8008849557522124,0.8603174603174604,0.8017857142857143,0.8603174603174604,0.8587746625129803,0.925,0.8611111111111112,0.92625,0.8603174603174604,0.8712871287128713,0.8611111111111112,0.9305555555555556,0.9285714285714286,0.896551724137931,0.9325396825396826,0.9382716049382716,0.975,0.9111111111111111,0.9477124183006536,0.896551724137931,0.9353535353535354,0.9477124183006536,0.9444444444444444,0.9817708333333334,0.9722222222222222,0.9546485260770975,0.9235294117647059,0.9511111111111111,0.9583333333333334,0.9836956521739131,0.9583333333333334,0.9861111111111112,0.9511111111111111,0.9813829787234043,0.9861111111111112,0.9886363636363636,1.0,,,,,,,,,,,,,,,,,,,,,,,,,,,,,
C48,0.854775828460039,0.9569160997732427,0.9498910675381264,0.975,0.7789115646258503,0.790625,0.7935483870967742,0.7928,0.7958677685950413,0.8561507936507936,0.8716981132075472,0.8045045045045045,0.8629989212513485,0.8054545454545454,0.8629989212513485,0.8613756613756614,0.9260204081632653,0.8638344226579521,0.8655555555555555,0.8629989212513485,0.8767676767676768,0.8638344226579521,0.9349881796690307,0.9148148148148149,0.9071428571428571,0.9403292181069959,0.9465811965811965,0.9791666666666666,0.9230769230769231,0.9569160997732427,0.9071428571428571,0.9433962264150944,0.9569160997732427,0.9533333333333334,0.9606481481481481,0.9830917874396136,0.9645390070921985,0.936734693877551,0.9606481481481481,0.9685990338164251,0.9886363636363636,0.9685990338164251,0.9912790697674418,0.9606481481481481,0.9861111111111112,0.9912790697674418,0.9940476190476191,0.9940476190476191,1.0,,,,,,,,,,,,,,,,,,,,,,,,,,,,
C49,0.8544739429695182,0.9583333333333334,0.9511111111111111,0.9511111111111111,0.7794520547945205,0.7913385826771654,0.7943089430894309,0.7935483870967742,0.7966666666666666,0.8035714285714286,0.8733333333333333,0.8054545454545454,0.8126213592233009,0.8064220183486238,0.8126213592233009,0.8611111111111112,0.8662131519274376,0.8635863586358636,0.816,0.8126213592233009,0.8785714285714286,0.8137254901960784,0.8819148936170212,0.9188679245283019,0.9109090909090909,0.9148148148148149,0.9477124183006536,0.9583333333333334,0.9274509803921569,0.936734693877551,0.9109090909090909,0.9188679245283019,0.936734693877551,0.932,0.9416666666666667,0.967391304347826,0.966183574879227,0.9416666666666667,0.9416666666666667,0.9703703703703703,0.9747474747474747,0.9703703703703703,0.979328165374677,0.9621749408983451,0.9703703703703703,0.979328165374677,0.9841269841269841,0.9841269841269841,0.9972222222222222,1.0,,,,,,,,,,,,,,,,,,,,,,,,,,,
C50,0.7926829268292683,0.9233716475095786,0.89,0.9246704331450094,0.7735483870967742,0.7838235294117647,0.7863636363636364,0.7857142857142857,0.7883720930232558,0.85,0.8578947368421053,0.795798319327731,0.8558558558558559,0.8623402163225172,0.9268867924528302,0.8,0.8587746625129803,0.8027027027027027,0.9233490566037735,0.8558558558558559,0.8616822429906542,0.8565656565656565,0.9215686274509803,0.9139784946236559,0.878125,0.9175627240143369,0.8868852459016393,0.9298245614035088,0.89,0.9298245614035088,0.9397363465160076,0.9732142857142857,0.9298245614035088,0.9272030651340997,0.9699074074074074,0.9506172839506173,0.9035714285714286,0.9,0.9325396825396826,0.9072727272727272,0.9412997903563941,0.9072727272727272,0.9444444444444444,0.9615384615384616,0.9872448979591837,0.9444444444444444,0.9477124183006536,0.9795918367346939,0.9569160997732427,0.936734693877551,1.0,,,,,,,,,,,,,,,,,,,,,,,,,,
C51,0.8549905838041432,0.949685534591195,0.9764150943396226,0.9434343434343434,0.8385185185185186,0.8473282442748091,0.8472222222222222,0.7870229007633588,0.9190573770491803,0.8563218390804598,0.9255861365953109,0.9229910714285714,0.8629283489096573,0.8557504873294347,0.8036363636363636,0.8585858585858586,0.8075471698113208,0.8045871559633028,0.8065420560747664,0.8600823045267489,0.9255663430420712,0.8045871559633028,0.8673267326732673,0.9376218323586745,0.9692982456140351,0.9348659003831418,0.9337231968810916,0.9035714285714286,0.9764150943396226,0.949685534591195,0.9259259259259259,0.89,0.9423868312757202,0.9,0.9072727272727272,0.9283018867924528,0.9895833333333334,1.0,0.9872448979591837,0.9869791666666666,0.963718820861678,0.9869791666666666,0.9675925925925926,0.9454926624737946,0.9150943396226415,0.9591836734693877,0.928,0.928,0.9416666666666667,0.9468085106382979,0.9035714285714286,1.0,,,,,,,,,,,,,,,,,,,,,,,,,
C52,0.8549905838041432,0.949685534591195,0.9434343434343434,0.9764150943396226,0.8385185185185186,0.8473282442748091,0.7876923076923077,0.7870229007633588,0.8512544802867383,0.9221491228070176,0.9255861365953109,0.8576998050682261,0.9245283018867925,0.7982758620689655,0.8572884811416922,0.8017857142857143,0.8603174603174604,0.8045871559633028,0.859538784067086,0.8572884811416922,0.8647619047619047,0.8580246913580247,0.9244444444444444,0.9376218323586745,0.9322033898305084,0.9709821428571429,0.8932203389830509,0.9353535353535354,0.9434343434343434,0.9759615384615384,0.8838709677419355,0.9246704331450094,0.9353535353535354,0.9325396825396826,0.9382716049382716,0.9572649572649573,0.9895833333333334,0.9872448979591837,1.0,0.96,0.9893617021276596,0.96,0.9867021276595744,0.9072727272727272,0.9444444444444444,0.9511111111111111,0.9546485260770975,0.9546485260770975,0.9645390070921985,0.9468085106382979,0.9353535353535354,0.9895833333333334,1.0,,,,,,,,,,,,,,,,,,,,,,,,
C53,0.8537037037037037,0.9434343434343434,0.9727272727272728,0.9376218323586745,0.8377192982456141,0.7838235294117647,0.8461538461538461,0.7857142857142857,0.9183467741935484,0.8549905838041432,0.9229229229229229,0.8537511870845205,0.8017857142857143,0.9256756756756757,0.8670820353063343,0.8571428571428571,0.8055555555555556,0.8027027027027027,0.8045871559633028,0.8585858585858586,0.9227513227513228,0.8027027027027027,0.8640776699029126,0.9322033898305084,0.9661016949152542,0.9296296296296296,0.928436911487759,0.896551724137931,0.9310344827586207,0.896551724137931,0.9736842105263158,0.9454191033138402,0.9365079365079365,0.8932203389830509,0.9,0.92,0.949685534591195,0.9783653846153846,0.9465020576131687,0.9825,0.9564270152505446,0.9454926624737946,0.9150943396226415,0.9875,0.9688888888888889,0.9520697167755992,0.9192307692307692,0.9192307692307692,0.932,0.936734693877551,0.9580712788259959,0.9803921568627451,0.949685534591195,1.0,,,,,,,,,,,,,,,,,,,,,,,
C54,0.8537037037037037,0.9434343434343434,0.9376218323586745,0.9727272727272728,0.8377192982456141,0.7838235294117647,0.7863636363636364,0.7857142857142857,0.8500881834215167,0.9213362068965517,0.9229229229229229,0.795798319327731,0.8558558558558559,0.8623402163225172,0.9268867924528302,0.8,0.8587746625129803,0.8027027027027027,0.8580246913580247,0.8558558558558559,0.8616822429906542,0.8565656565656565,0.9215686274509803,0.9322033898305084,0.9271402550091075,0.9676724137931034,0.8868852459016393,0.9298245614035088,0.89,0.9298245614035088,0.9397363465160076,0.9732142857142857,0.9298245614035088,0.9272030651340997,0.9325396825396826,0.9506172839506173,0.949685534591195,0.9465020576131687,0.9783653846153846,0.9529914529914529,0.9846938775510204,0.9072727272727272,0.9444444444444444,0.9615384615384616,0.9872448979591837,0.9444444444444444,0.9477124183006536,0.9477124183006536,0.9569160997732427,0.936734693877551,0.9807692307692307,0.949685534591195,0.9803921568627451,0.99,1.0,,,,,,,,,,,,,,,,,,,,,,
C55,0.855650522317189,0.9529914529914529,0.9783653846153846,0.9783653846153846,0.8389261744966443,0.7857142857142857,0.847769028871391,0.7876923076923077,0.9194214876033058,0.922566371681416,0.926954732510288,0.8557504873294347,0.8580246913580247,0.856440511307768,0.8580246913580247,0.8593272171253823,0.8611111111111112,0.8055555555555556,0.8603174603174604,0.9233490566037735,0.9270152505446623,0.8587746625129803,0.9259259259259259,0.9404761904761905,0.9709821428571429,0.9727272727272728,0.9365079365079365,0.9382716049382716,0.9393939393939394,0.9382716049382716,0.928436911487759,0.9272030651340997,0.9735576923076923,0.9353535353535354,0.9412997903563941,0.9607843137254902,0.96,0.9846938775510204,0.9846938775510204,0.9893617021276596,0.9918478260869565,0.9555555555555556,0.9546485260770975,0.9487179487179487,0.9477124183006536,0.9840425531914894,0.9583333333333334,0.9583333333333334,0.9685990338164251,0.9521739130434783,0.9382716049382716,0.9869791666666666,0.9869791666666666,0.9825,0.9825,1.0,,,,,,,,,,,,,,,,,,,,,
C56,0.855650522317189,0.9529914529914529,0.9465020576131687,0.9783653846153846,0.8389261744966443,0.7857142857142857,0.7883720930232558,0.8472222222222222,0.8518518518518519,0.922566371681416,0.926954732510288,0.7982758620689655,0.8580246913580247,0.7991304347826087,0.8580246913580247,0.8027027027027027,0.8611111111111112,0.8616352201257862,0.8603174603174604,0.8580246913580247,0.8663461538461539,0.9238095238095239,0.9259259259259259,0.9404761904761905,0.9348659003831418,0.9727272727272728,0.896551724137931,0.9382716049382716,0.9,0.9382716049382716,0.8868852459016393,0.9272030651340997,0.9382716049382716,0.9716981132075472,0.9412997903563941,0.9607843137254902,0.96,0.9564270152505446,0.9846938775510204,0.963718820861678,0.9918478260869565,0.9192307692307692,0.9546485260770975,0.9111111111111111,0.9477124183006536,0.9546485260770975,0.9864130434782609,0.9583333333333334,0.9685990338164251,0.9521739130434783,0.9382716049382716,0.96,0.9869791666666666,0.9529914529914529,0.9825,0.9893617021276596,1.0,,,,,,,,,,,,,,,,,,,,
C57,0.855650522317189,0.9735576923076923,0.9465020576131687,0.9783653846153846,0.8389261744966443,0.7857142857142857,0.7883720930232558,0.7876923076923077,0.8518518518518519,0.922566371681416,0.926954732510288,0.7982758620689655,0.8580246913580247,0.7991304347826087,0.8580246913580247,0.8027027027027027,0.8611111111111112,0.8055555555555556,0.9247572815533981,0.8580246913580247,0.8663461538461539,0.8587746625129803,0.9259259259259259,0.9665178571428571,0.9348659003831418,0.9727272727272728,0.896551724137931,0.9382716049382716,0.9,0.9382716049382716,0.8868852459016393,0.9272030651340997,0.9382716049382716,0.9353535353535354,0.9754901960784313,0.9607843137254902,0.96,0.9564270152505446,0.9846938775510204,0.963718820861678,0.9918478260869565,0.9192307692307692,0.9546485260770975,0.9111111111111111,0.9477124183006536,0.9546485260770975,0.9583333333333334,0.9864130434782609,0.9685990338164251,0.9521739130434783,0.9735576923076923,0.96,0.9869791666666666,0.9529914529914529,0.9825,0.9893617021276596,0.9893617021276596,1.0,,,,,,,,,,,,,,,,,,,
C58,0.7942148760330578,0.9035714285714286,0.9365079365079365,0.896551724137931,0.7745098039215687,0.8473282442748091,0.8472222222222222,0.8466838931955211,0.8488888888888889,0.795798319327731,0.8607142857142858,0.9229910714285714,0.8629283489096573,0.8557504873294347,0.8036363636363636,0.8585858585858586,0.8075471698113208,0.8608515057113187,0.8065420560747664,0.8600823045267489,0.9255663430420712,0.8608515057113187,0.8673267326732673,0.89,0.9259259259259259,0.8868852459016393,0.9337231968810916,0.9035714285714286,0.9764150943396226,0.949685534591195,0.9259259259259259,0.89,0.9423868312757202,0.9393939393939394,0.9072727272727272,0.9283018867924528,0.9564270152505446,0.9825,0.9529914529914529,0.9520697167755992,0.9192307692307692,0.9869791666666666,0.9675925925925926,0.9454926624737946,0.9150943396226415,0.9591836734693877,0.9629629629629629,0.928,0.9416666666666667,0.9468085106382979,0.9035714285714286,0.9846938775510204,0.9564270152505446,0.9423868312757202,0.9035714285714286,0.9520697167755992,0.9520697167755992,0.9150943396226415,1.0,,,,,,,,,,,,,,,,,,
C59,0.7934426229508197,0.9,0.8932203389830509,0.9272030651340997,0.7740259740259741,0.8468013468013468,0.7870229007633588,0.8461538461538461,0.7890625,0.8506069094304388,0.8592920353982301,0.8570048309178744,0.9240654205607477,0.7974358974358975,0.8565656565656565,0.8008849557522124,0.859538784067086,0.8600823045267489,0.8587746625129803,0.8565656565656565,0.8632075471698113,0.9228971962616822,0.922992299229923,0.8868852459016393,0.8809523809523809,0.9198542805100182,0.89,0.9325396825396826,0.9404761904761905,0.9740566037735849,0.8809523809523809,0.9222222222222223,0.9325396825396826,0.9681818181818181,0.9353535353535354,0.9538784067085954,0.9529914529914529,0.949685534591195,0.9759615384615384,0.9111111111111111,0.9444444444444444,0.9564270152505446,0.984375,0.9035714285714286,0.9412997903563941,0.9477124183006536,0.9817708333333334,0.9511111111111111,0.9606481481481481,0.9416666666666667,0.9325396825396826,0.9529914529914529,0.9779411764705882,0.9,0.9325396825396826,0.9412997903563941,0.9754901960784313,0.9412997903563941,0.9872448979591837,1.0,,,,,,,,,,,,,,,,,
C60,0.7926829268292683,0.896551724137931,0.9310344827586207,0.89,0.7735483870967742,0.8462823725981621,0.8461538461538461,0.7857142857142857,0.847769028871391,0.7942148760330578,0.8578947368421053,0.9221491228070176,0.8613659531090724,0.9256756756756757,0.8670820353063343,0.8571428571428571,0.8055555555555556,0.8027027027027027,0.8045871559633028,0.8585858585858586,0.9227513227513228,0.8027027027027027,0.8640776699029126,0.8838709677419355,0.921146953405018,0.8809523809523809,0.928436911487759,0.896551724137931,0.9727272727272728,0.9434343434343434,0.9736842105263158,0.9454191033138402,0.9365079365079365,0.8932203389830509,0.9,0.92,0.949685534591195,0.9783653846153846,0.9465020576131687,0.9454926624737946,0.9111111111111111,0.9825,0.96,0.9875,0.9688888888888889,0.9520697167755992,0.9192307692307692,0.9192307692307692,0.932,0.936734693877551,0.9580712788259959,0.9803921568627451,0.949685534591195,0.9852941176470589,0.9580712788259959,0.9454926624737946,0.9072727272727272,0.9072727272727272,0.9803921568627451,0.9465020576131687,1.0,,,,,,,,,,,,,,,,
C61,0.7934426229508197,0.9,0.8932203389830509,0.9272030651340997,0.7740259740259741,0.8468013468013468,0.7870229007633588,0.7863636363636364,0.7890625,0.8506069094304388,0.8592920353982301,0.8570048309178744,0.9240654205607477,0.8630952380952381,0.9273809523809524,0.8008849557522124,0.859538784067086,0.8036363636363636,0.8587746625129803,0.8565656565656565,0.8632075471698113,0.8572884811416922,0.922992299229923,0.8868852459016393,0.8809523809523809,0.9198542805100182,0.89,0.9325396825396826,0.9404761904761905,0.9740566037735849,0.9425287356321839,0.975,0.9325396825396826,0.9298245614035088,0.9353535353535354,0.9538784067085954,0.9529914529914529,0.949685534591195,0.9759615384615384,0.9111111111111111,0.9444444444444444,0.9564270152505446,0.984375,0.9651416122004357,0.9895833333333334,0.9477124183006536,0.9511111111111111,0.9511111111111111,0.9606481481481481,0.9416666666666667,0.9828431372549019,0.9529914529914529,0.9779411764705882,0.9615384615384616,0.9828431372549019,0.9412997903563941,0.9412997903563941,0.9412997903563941,0.9529914529914529,0.9759615384615384,0.9923469387755102,1.0,,,,,,,,,,,,,,,
C62,0.795798319327731,0.9111111111111111,0.9423868312757202,0.9353535353535354,0.7754966887417218,0.8484065460809647,0.8483245149911817,0.7883720930232558,0.8500451671183379,0.8524904214559387,0.8636363636363636,0.9238636363636363,0.9254807692307693,0.8571428571428571,0.8587746625129803,0.8600823045267489,0.8619201725997843,0.8065420560747664,0.8611111111111112,0.9238095238095239,0.9284928492849285,0.859538784067086,0.927437641723356,0.896551724137931,0.9310344827586207,0.9272030651340997,0.9393939393939394,0.9412997903563941,0.9803921568627451,0.98,0.9310344827586207,0.9298245614035088,0.9754901960784313,0.9382716049382716,0.9444444444444444,0.9644444444444444,0.963718820861678,0.9869791666666666,0.9821428571428571,0.9591836734693877,0.9546485260770975,0.9918478260869565,0.9916666666666667,0.9520697167755992,0.9511111111111111,0.9864130434782609,0.9621749408983451,0.9621749408983451,0.9728395061728395,0.9577777777777777,0.9412997903563941,0.9893617021276596,0.984375,0.9487179487179487,0.9412997903563941,0.9817708333333334,0.9511111111111111,0.9511111111111111,0.9893617021276596,0.9821428571428571,0.9846938775510204,0.9821428571428571,1.0,,,,,,,,,,,,,,
C63,0.795798319327731,0.934156378600823,0.9035714285714286,0.9353535353535354,0.7754966887417218,0.8484065460809647,0.7890625,0.7883720930232558,0.7912,0.8524904214559387,0.8636363636363636,0.8591269841269841,0.9254807692307693,0.8,0.8587746625129803,0.8036363636363636,0.8619201725997843,0.8065420560747664,0.9252450980392157,0.8587746625129803,0.8679611650485437,0.859538784067086,0.927437641723356,0.9233716475095786,0.89,0.9272030651340997,0.9,0.9412997903563941,0.949685534591195,0.98,0.89,0.9298245614035088,0.9412997903563941,0.9382716049382716,0.9775,0.9644444444444444,0.963718820861678,0.96,0.9821428571428571,0.9235294117647059,0.9546485260770975,0.9675925925925926,0.9916666666666667,0.9150943396226415,0.9511111111111111,0.9583333333333334,0.9621749408983451,0.9888888888888889,0.9728395061728395,0.9577777777777777,0.9754901960784313,0.963718820861678,0.984375,0.9111111111111111,0.9412997903563941,0.9511111111111111,0.9511111111111111,0.9817708333333334,0.963718820861678,0.9821428571428571,0.9564270152505446,0.9821428571428571,0.9891304347826086,1.0,,,,,,,,,,,,,
C64,0.8008547008547009,0.926923076923077,0.9185185185185185,0.9475890985324947,0.7791946308724832,0.8503937007874016,0.7936507936507936,0.7929133858267716,0.7959349593495935,0.8567251461988304,0.8703703703703703,0.8616161616161616,0.9264705882352942,0.8053571428571429,0.8634920634920635,0.8092592592592592,0.8668866886688669,0.8123809523809524,0.8660130718954249,0.8634920634920635,0.8752475247524752,0.8643162393162394,0.9340277777777778,0.9107142857142857,0.903448275862069,0.9384920634920635,0.9145454545454546,0.954248366013072,0.9586056644880174,0.984375,0.903448275862069,0.9414141414141414,0.954248366013072,0.9508547008547008,0.9577777777777777,0.9791666666666666,0.9739952718676123,0.9699074074074074,0.9867021276595744,0.9408163265306122,0.9692671394799054,0.9782608695652174,0.997093023255814,0.9313725490196079,0.9652777777777778,0.9734299516908212,0.9777777777777777,0.9777777777777777,0.9896640826873385,0.9790697674418605,0.954248366013072,0.9739952718676123,0.9891304347826086,0.926923076923077,0.954248366013072,0.9652777777777778,0.9652777777777778,0.9652777777777778,0.9739952718676123,0.9867021276595744,0.9659863945578231,0.9867021276595744,0.9943181818181818,0.9943181818181818,1.0,,,,,,,,,,,,
C65,0.7942148760330578,0.9035714285714286,0.9365079365079365,0.9298245614035088,0.7745098039215687,0.7850746268656716,0.8472222222222222,0.7870229007633588,0.8488888888888889,0.8512241054613936,0.8607142857142858,0.855072463768116,0.8572884811416922,0.926605504587156,0.9278846153846154,0.8585858585858586,0.8603174603174604,0.8045871559633028,0.859538784067086,0.9228971962616822,0.9255663430420712,0.8580246913580247,0.9244444444444444,0.89,0.9259259259259259,0.9222222222222223,0.9337231968810916,0.9353535353535354,0.9365079365079365,0.9353535353535354,0.9772727272727273,0.9768518518518519,0.9716981132075472,0.9325396825396826,0.9382716049382716,0.9572649572649573,0.9111111111111111,0.9454926624737946,0.9382716049382716,0.9520697167755992,0.9477124183006536,0.9520697167755992,0.9511111111111111,0.9921875,0.9920212765957447,0.9817708333333334,0.9546485260770975,0.9546485260770975,0.9645390070921985,0.9468085106382979,0.985,0.9487179487179487,0.9412997903563941,0.9897959183673469,0.985,0.9775,0.9444444444444444,0.9444444444444444,0.9487179487179487,0.9382716049382716,0.9897959183673469,0.9872448979591837,0.9795918367346939,0.9477124183006536,0.9614512471655329,1.0,,,,,,,,,,,
C66,0.7942148760330578,0.9035714285714286,0.896551724137931,0.9298245614035088,0.7745098039215687,0.7850746268656716,0.7876923076923077,0.8466838931955211,0.789763779527559,0.8512241054613936,0.8607142857142858,0.7974358974358975,0.8572884811416922,0.8638638638638638,0.9278846153846154,0.8017857142857143,0.8603174603174604,0.8608515057113187,0.859538784067086,0.8572884811416922,0.8647619047619047,0.9233490566037735,0.9244444444444444,0.89,0.8838709677419355,0.9222222222222223,0.8932203389830509,0.9353535353535354,0.896551724137931,0.9353535353535354,0.9454191033138402,0.9768518518518519,0.9353535353535354,0.9699074074074074,0.9382716049382716,0.9572649572649573,0.9111111111111111,0.9072727272727272,0.9382716049382716,0.9150943396226415,0.9477124183006536,0.9150943396226415,0.9511111111111111,0.9688888888888889,0.9920212765957447,0.9511111111111111,0.9840425531914894,0.9546485260770975,0.9645390070921985,0.9468085106382979,0.985,0.9111111111111111,0.9412997903563941,0.9651416122004357,0.985,0.9444444444444444,0.9775,0.9444444444444444,0.9487179487179487,0.9735576923076923,0.9651416122004357,0.9872448979591837,0.9477124183006536,0.9477124183006536,0.9614512471655329,0.9895833333333334,1.0,,,,,,,,,,
C67,0.7942148760330578,0.9285714285714286,0.896551724137931,0.9298245614035088,0.7745098039215687,0.7850746268656716,0.7876923076923077,0.7870229007633588,0.789763779527559,0.8512241054613936,0.8607142857142858,0.7974358974358975,0.8572884811416922,0.8638638638638638,0.9278846153846154,0.8017857142857143,0.8603174603174604,0.8045871559633028,0.9242788461538461,0.8572884811416922,0.8647619047619047,0.8580246913580247,0.9244444444444444,0.9185185185185185,0.8838709677419355,0.9222222222222223,0.8932203389830509,0.9353535353535354,0.896551724137931,0.9353535353535354,0.9454191033138402,0.9768518518518519,0.9353535353535354,0.9325396825396826,0.9735576923076923,0.9572649572649573,0.9111111111111111,0.9072727272727272,0.9382716049382716,0.9150943396226415,0.9477124183006536,0.9150943396226415,0.9511111111111111,0.9688888888888889,0.9920212765957447,0.9511111111111111,0.9546485260770975,0.9840425531914894,0.9645390070921985,0.9468085106382979,1.0,0.9111111111111111,0.9412997903563941,0.9651416122004357,0.985,0.9444444444444444,0.9444444444444444,0.9775,0.9111111111111111,0.9382716049382716,0.9651416122004357,0.9872448979591837,0.9477124183006536,0.9795918367346939,0.9614512471655329,0.9895833333333334,0.9895833333333334,1.0,,,,,,,,,
C68,0.8008403361344538,0.9222222222222223,0.9142857142857143,0.9454545454545454,0.7794701986754967,0.7909090909090909,0.79375,0.7930232558139535,0.796,0.85727969348659,0.8690909090909091,0.8043478260869565,0.8639667705088265,0.8664627930682977,0.928921568627451,0.8090909090909091,0.8673139158576052,0.8121495327102803,0.8664529914529915,0.8639667705088265,0.8737864077669902,0.8647798742138365,0.9331065759637188,0.906896551724138,0.9,0.9367816091954023,0.9105263157894737,0.9517819706498952,0.9142857142857143,0.9517819706498952,0.9535353535353536,0.9807692307692307,0.9517819706498952,0.948559670781893,0.9551282051282052,0.9755555555555555,0.9307692307692308,0.9264150943396227,0.9551282051282052,0.9352941176470588,0.9659863945578231,0.9352941176470588,0.9699074074074074,0.9791666666666666,0.9972222222222222,0.9699074074074074,0.9739952718676123,0.9739952718676123,0.9851851851851852,0.9711111111111111,0.9895833333333334,0.9307692307692308,0.9586056644880174,0.9750566893424036,0.9895833333333334,0.9622222222222222,0.9622222222222222,0.9622222222222222,0.9307692307692308,0.9551282051282052,0.9750566893424036,0.9920212765957447,0.9659863945578231,0.9659863945578231,0.9810874704491725,0.9945652173913043,0.9945652173913043,0.9945652173913043,1.0,,,,,,,,
C69,0.7966101694915254,0.9150943396226415,0.9454926624737946,0.9382716049382716,0.776,0.7870229007633588,0.8488888888888889,0.8483245149911817,0.8506375227686703,0.8531400966183574,0.865137614678899,0.8571428571428571,0.859538784067086,0.8578578578578578,0.859538784067086,0.8608515057113187,0.8627450980392157,0.8632478632478633,0.8619201725997843,0.9242788461538461,0.93,0.9247572815533981,0.9289805269186713,0.9,0.9337231968810916,0.9298245614035088,0.9423868312757202,0.9444444444444444,0.9454926624737946,0.9444444444444444,0.9337231968810916,0.9325396825396826,0.9775,0.9754901960784313,0.9477124183006536,0.9682539682539683,0.9235294117647059,0.9555555555555556,0.9477124183006536,0.9629629629629629,0.9583333333333334,0.9629629629629629,0.9621749408983451,0.9555555555555556,0.9546485260770975,0.9888888888888889,0.9914772727272727,0.966183574879227,0.9772727272727273,0.9636363636363636,0.9444444444444444,0.9591836734693877,0.9511111111111111,0.9520697167755992,0.9444444444444444,0.9840425531914894,0.9840425531914894,0.9546485260770975,0.9867021276595744,0.9795918367346939,0.9520697167755992,0.9477124183006536,0.9864130434782609,0.9583333333333334,0.9734299516908212,0.9817708333333334,0.9817708333333334,0.9511111111111111,0.9699074074074074,1.0,,,,,,,
C70,0.7966101694915254,0.9371069182389937,0.9454926624737946,0.9382716049382716,0.776,0.7870229007633588,0.8488888888888889,0.7890625,0.8506375227686703,0.8531400966183574,0.865137614678899,0.8571428571428571,0.859538784067086,0.8578578578578578,0.859538784067086,0.8608515057113187,0.8627450980392157,0.8075471698113208,0.9257425742574258,0.9242788461538461,0.93,0.8603174603174604,0.9289805269186713,0.9259259259259259,0.9337231968810916,0.9298245614035088,0.9423868312757202,0.9444444444444444,0.9454926624737946,0.9444444444444444,0.9337231968810916,0.9325396825396826,0.9775,0.9412997903563941,0.9795918367346939,0.9682539682539683,0.9235294117647059,0.9555555555555556,0.9477124183006536,0.9629629629629629,0.9583333333333334,0.9629629629629629,0.9621749408983451,0.9555555555555556,0.9546485260770975,0.9888888888888889,0.966183574879227,0.9914772727272727,0.9772727272727273,0.9636363636363636,0.9775,0.9591836734693877,0.9511111111111111,0.9520697167755992,0.9444444444444444,0.9840425531914894,0.9546485260770975,0.9840425531914894,0.9591836734693877,0.9477124183006536,0.9520697167755992,0.9477124183006536,0.9864130434782609,0.9864130434782609,0.9734299516908212,0.9817708333333334,0.9511111111111111,0.9817708333333334,0.9699074074074074,0.9888888888888889,1.0,,,,,,
C71,0.8008620689655173,0.9294117647058824,0.954248366013072,0.9487179487179487,0.779054054054054,0.7906976744186046,0.8509485094850948,0.7928571428571428,0.8527777777777777,0.856440511307768,0.8710280373831776,0.8595959595959596,0.8632478632478633,0.8603465851172273,0.8632478632478633,0.8634920634920635,0.8666666666666667,0.8125,0.8657865786578658,0.9252450980392157,0.9342403628117913,0.8640776699029126,0.9345029239766082,0.9127272727272727,0.9414141414141414,0.9393939393939394,0.9508547008547008,0.9555555555555556,0.954248366013072,0.9555555555555556,0.9414141414141414,0.9423868312757202,0.9817708333333334,0.9520697167755992,0.9591836734693877,0.9810874704491725,0.9387755102040817,0.9652777777777778,0.9591836734693877,0.9734299516908212,0.9710144927536232,0.9734299516908212,0.9753086419753086,0.9652777777777778,0.966903073286052,0.9941860465116279,0.9797979797979798,0.9797979797979798,0.9920634920634921,0.9833333333333333,0.9555555555555556,0.9692671394799054,0.9629629629629629,0.9614512471655329,0.9555555555555556,0.9888888888888889,0.966903073286052,0.966903073286052,0.9692671394799054,0.9591836734693877,0.9614512471655329,0.9591836734693877,0.9914772727272727,0.9710144927536232,0.9873737373737373,0.9864130434782609,0.9629629629629629,0.9629629629629629,0.9830917874396136,0.9941860465116279,0.9941860465116279,1.0,,,,,
C72,0.795798319327731,0.934156378600823,0.9035714285714286,0.9353535353535354,0.7754966887417218,0.7863636363636364,0.7890625,0.847769028871391,0.7912,0.8524904214559387,0.8636363636363636,0.7991304347826087,0.8587746625129803,0.8,0.8587746625129803,0.8036363636363636,0.8619201725997843,0.8624338624338624,0.9252450980392157,0.8587746625129803,0.8679611650485437,0.9242788461538461,0.927437641723356,0.9233716475095786,0.89,0.9272030651340997,0.9,0.9412997903563941,0.9035714285714286,0.9412997903563941,0.89,0.9298245614035088,0.9412997903563941,0.9735576923076923,0.9775,0.9644444444444444,0.9192307692307692,0.9150943396226415,0.9444444444444444,0.9235294117647059,0.9546485260770975,0.9235294117647059,0.9583333333333334,0.9150943396226415,0.9511111111111111,0.9583333333333334,0.9888888888888889,0.9888888888888889,0.9728395061728395,0.9577777777777777,0.9754901960784313,0.9192307692307692,0.9477124183006536,0.9111111111111111,0.9412997903563941,0.9511111111111111,0.9817708333333334,0.9817708333333334,0.9555555555555556,0.9821428571428571,0.9111111111111111,0.9444444444444444,0.9546485260770975,0.9840425531914894,0.9692671394799054,0.9477124183006536,0.9795918367346939,0.9795918367346939,0.9659863945578231,0.9864130434782609,0.9864130434782609,0.9710144927536232,1.0,,,,
C73,0.7966101694915254,0.9371069182389937,0.9072727272727272,0.9382716049382716,0.776,0.7870229007633588,0.789763779527559,0.8483245149911817,0.7919354838709678,0.8531400966183574,0.865137614678899,0.8,0.859538784067086,0.8008849557522124,0.859538784067086,0.8045871559633028,0.8627450980392157,0.8632478632478633,0.9257425742574258,0.859538784067086,0.8696078431372549,0.9247572815533981,0.9289805269186713,0.9259259259259259,0.8932203389830509,0.9298245614035088,0.9035714285714286,0.9444444444444444,0.9072727272727272,0.9444444444444444,0.8932203389830509,0.9325396825396826,0.9444444444444444,0.9754901960784313,0.9795918367346939,0.9682539682539683,0.9235294117647059,0.9192307692307692,0.9477124183006536,0.928,0.9583333333333334,0.928,0.9621749408983451,0.9192307692307692,0.9546485260770975,0.9621749408983451,0.9914772727272727,0.9914772727272727,0.9772727272727273,0.9636363636363636,0.9775,0.9235294117647059,0.9511111111111111,0.9150943396226415,0.9444444444444444,0.9546485260770975,0.9840425531914894,0.9840425531914894,0.9591836734693877,0.9795918367346939,0.9150943396226415,0.9477124183006536,0.9583333333333334,0.9864130434782609,0.9734299516908212,0.9511111111111111,0.9817708333333334,0.9817708333333334,0.9699074074074074,0.9888888888888889,0.9888888888888889,0.9753086419753086,1.0,1.0,,,
C74,0.8008620689655173,0.9294117647058824,0.9207547169811321,0.9487179487179487,0.779054054054054,0.7906976744186046,0.7936,0.850358422939068,0.7959016393442623,0.856440511307768,0.8710280373831776,0.8044642857142857,0.8632478632478633,0.8054054054054054,0.8632478632478633,0.8093457943925234,0.8666666666666667,0.8660130718954249,0.8657865786578658,0.8632478632478633,0.876,0.9257425742574258,0.9345029239766082,0.9127272727272727,0.9052631578947369,0.9393939393939394,0.9166666666666666,0.9555555555555556,0.9207547169811321,0.9555555555555556,0.9052631578947369,0.9423868312757202,0.9555555555555556,0.9795918367346939,0.9591836734693877,0.9810874704491725,0.9387755102040817,0.934,0.9591836734693877,0.94375,0.9710144927536232,0.94375,0.9753086419753086,0.934,0.966903073286052,0.9753086419753086,0.9970238095238095,0.9797979797979798,0.9920634920634921,0.9833333333333333,0.9555555555555556,0.9387755102040817,0.9629629629629629,0.9294117647058824,0.9555555555555556,0.966903073286052,0.9888888888888889,0.966903073286052,0.9692671394799054,0.9840425531914894,0.9294117647058824,0.9591836734693877,0.9710144927536232,0.9710144927536232,0.9873737373737373,0.9629629629629629,0.9864130434782609,0.9629629629629629,0.9830917874396136,0.9941860465116279,0.9753086419753086,0.9896640826873385,0.9914772727272727,0.9941860465116279,1.0,,
C75,0.8008620689655173,0.9498910675381264,0.9207547169811321,0.9487179487179487,0.779054054054054,0.7906976744186046,0.7936,0.7928571428571428,0.7959016393442623,0.856440511307768,0.8710280373831776,0.8044642857142857,0.8632478632478633,0.8054054054054054,0.8632478632478633,0.8093457943925234,0.8666666666666667,0.8125,0.9267676767676768,0.8632478632478633,0.876,0.8640776699029126,0.9345029239766082,0.9373737373737374,0.9052631578947369,0.9393939393939394,0.9166666666666666,0.9555555555555556,0.9207547169811321,0.9555555555555556,0.9052631578947369,0.9423868312757202,0.9555555555555556,0.9520697167755992,0.9840425531914894,0.9810874704491725,0.9387755102040817,0.934,0.9591836734693877,0.94375,0.9710144927536232,0.94375,0.9753086419753086,0.934,0.966903073286052,0.9753086419753086,0.9797979797979798,0.9970238095238095,0.9920634920634921,0.9833333333333333,0.9817708333333334,0.9387755102040817,0.9629629629629629,0.9294117647058824,0.9555555555555556,0.966903073286052,0.966903073286052,0.9888888888888889,0.9387755102040817,0.9591836734693877,0.9294117647058824,0.9591836734693877,0.9710144927536232,0.9914772727272727,0.9873737373737373,0.9629629629629629,0.9629629629629629,0.9864130434782609,0.9830917874396136,0.9753086419753086,0.9941860465116279,0.9896640826873385,0.9914772727272727,0.9941860465116279,0.9896640826873385,1.0,
C76,0.8017543859649123,0.936734693877551,0.9274509803921569,0.9511111111111111,0.7794520547945205,0.7913385826771654,0.7943089430894309,0.7935483870967742,0.7966666666666666,0.8558558558558559,0.8733333333333333,0.8054545454545454,0.8627450980392157,0.8064220183486238,0.8627450980392157,0.8104761904761905,0.8662131519274376,0.8137254901960784,0.8653198653198653,0.8627450980392157,0.8785714285714286,0.8635863586358636,0.9354838709677419,0.9188679245283019,0.9109090909090909,0.9412997903563941,0.9230769230769231,0.9583333333333334,0.9274509803921569,0.9583333333333334,0.9109090909090909,0.9444444444444444,0.9583333333333334,0.9546485260770975,0.9621749408983451,0.9851851851851852,0.9468085106382979,0.9416666666666667,0.9621749408983451,0.9521739130434783,0.9747474747474747,0.9521739130434783,0.979328165374677,0.9416666666666667,0.9703703703703703,0.979328165374677,0.9841269841269841,0.9841269841269841,0.9972222222222222,0.995,0.9583333333333334,0.9468085106382979,0.966183574879227,0.936734693877551,0.9583333333333334,0.9703703703703703,0.9703703703703703,0.9703703703703703,0.9468085106382979,0.9621749408983451,0.936734693877551,0.9621749408983451,0.9747474747474747,0.9747474747474747,0.9920634920634921,0.966183574879227,0.966183574879227,0.966183574879227,0.9873737373737373,0.979328165374677,0.979328165374677,0.994579945799458,0.9747474747474747,0.979328165374677,0.994579945799458,0.994579945799458,1.0
